timestamp,open,high,low,close,ma,signal,position,price_ret,position_prev,pnl,cash_change,cash,market_value,equity,cum_pnl
2023-01-02 09:15:00,1004.9,1005.82,985.38,987.04,987.04,0,0,0.0,0.0,,-0.0,-0.0,0.0,0.0,0.0
2023-01-02 09:16:00,1002.51,1006.0,980.16,1002.62,994.8299999999999,0,0,0.015784568001296906,0.0,0.0,-0.0,-0.0,0.0,0.0,0.0
2023-01-02 09:17:00,1005.86,1006.54,978.94,982.34,990.6666666666666,1,1000,-0.02022700524625476,0.0,-0.0,-982340.0,-982340.0,982340.0,0.0,0.0
2023-01-02 09:18:00,1004.07,1005.55,979.46,982.59,988.6475,1,1000,0.000254494370584446,1000.0,250.0,-0.0,-982340.0,982590.0,250.0,250.0
2023-01-02 09:19:00,1001.73,1004.95,980.02,980.6,987.0380000000001,1,1000,-0.0020252597726416743,1000.0,-1990.000000000009,-0.0,-982340.0,980600.0,-1740.0,-1740.000000000009
2023-01-02 09:20:00,1003.19,1007.72,973.23,995.46,988.7220000000001,0,0,0.015153987354680876,1000.0,14860.000000000015,995460.0,13120.0,0.0,13120.0,13120.000000000005
2023-01-02 09:21:00,974.18,1010.27,972.06,995.74,987.3460000000001,0,0,0.0002812769975688578,0.0,0.0,-0.0,13120.0,0.0,13120.0,13120.000000000005
2023-01-02 09:22:00,1007.32,1007.52,969.66,969.66,984.8100000000001,1,1000,-0.026191576114246717,0.0,-0.0,-969660.0,-956540.0,969660.0,13120.0,13120.000000000005
2023-01-02 09:23:00,991.53,1005.05,963.01,990.64,986.4200000000001,0,0,0.021636449889651965,1000.0,20980.00000000002,990640.0,34100.0,0.0,34100.0,34100.00000000002
2023-01-02 09:24:00,964.6,1003.54,961.83,1001.16,990.5319999999999,0,0,0.010619397561172583,0.0,0.0,-0.0,34100.0,0.0,34100.0,34100.00000000002
2023-01-02 09:25:00,962.3,1006.13,960.77,998.67,991.174,0,0,-0.0024871149466618725,0.0,-0.0,-0.0,34100.0,0.0,34100.0,34100.00000000002
2023-01-02 09:26:00,962.23,1005.55,958.96,962.88,984.6020000000001,1,1000,-0.03583766409324396,0.0,-0.0,-962880.0,-928780.0,962880.0,34100.0,34100.00000000002
2023-01-02 09:27:00,1001.73,1008.32,962.36,996.56,989.982,0,0,0.034978398138916456,1000.0,33679.99999999995,996560.0,67780.0,0.0,67780.0,67779.99999999997
2023-01-02 09:28:00,1006.97,1007.8,964.51,972.99,986.452,1,1000,-0.023651360680741695,0.0,-0.0,-972990.0,-905210.0,972990.0,67780.0,67779.99999999997
2023-01-02 09:29:00,994.78,1009.42,970.07,970.81,980.382,1,1000,-0.002240516346519561,1000.0,-2180.0000000000637,-0.0,-905210.0,970810.0,65600.0,65599.99999999991
2023-01-02 09:30:00,998.53,1012.31,968.54,969.53,974.5539999999999,1,1000,-0.0013184866245712357,1000.0,-1279.9999999999727,-0.0,-905210.0,969530.0,64320.0,64319.99999999994
2023-01-02 09:31:00,996.35,1009.13,966.06,1009.13,983.8039999999999,0,0,0.04084453291801182,1000.0,39600.00000000002,1009130.0,103920.0,0.0,103920.0,103919.99999999997
2023-01-02 09:32:00,969.73,1016.02,961.27,1014.15,987.3219999999999,0,0,0.004974582065739863,0.0,0.0,-0.0,103920.0,0.0,103920.0,103919.99999999997
2023-01-02 09:33:00,1000.3,1019.82,961.91,964.05,985.534,1,1000,-0.049400976186954604,0.0,-0.0,-964050.0,-860130.0,964050.0,103920.0,103919.99999999997
2023-01-02 09:34:00,1019.14,1020.92,963.52,1017.43,994.858,0,0,0.055370572065764234,1000.0,53379.99999999999,1017430.0,157300.0,0.0,157300.0,157299.99999999997
2023-01-02 09:35:00,964.71,1019.98,964.71,1010.37,1003.0260000000001,0,0,-0.006939052318095551,0.0,-0.0,-0.0,157300.0,0.0,157300.0,157299.99999999997
2023-01-02 09:36:00,973.61,1024.42,968.67,1022.27,1005.6539999999999,0,0,0.011777863554935264,0.0,0.0,-0.0,157300.0,0.0,157300.0,157299.99999999997
2023-01-02 09:37:00,1007.62,1025.08,965.46,965.97,996.018,1,1000,-0.055073512868420216,0.0,-0.0,-965970.0,-808670.0,965970.0,157300.0,157299.99999999997
2023-01-02 09:38:00,1019.81,1020.14,963.18,1006.16,1004.4399999999999,1,1000,0.04160584697247316,1000.0,40189.99999999994,-0.0,-808670.0,1006160.0,197490.0,197489.9999999999
2023-01-02 09:39:00,1017.07,1018.98,964.25,1014.56,1003.866,0,0,0.008348572791603726,1000.0,8399.999999999978,1014560.0,205890.0,0.0,205890.0,205889.99999999988
2023-01-02 09:40:00,1003.34,1014.4,964.46,966.47,995.086,1,1000,-0.04739985806655089,0.0,-0.0,-966470.0,-760580.0,966470.0,205890.0,205889.99999999988
2023-01-02 09:41:00,1008.52,1014.54,958.84,1008.51,992.3340000000001,0,0,0.0434985048682317,1000.0,42039.99999999996,1008510.0,247930.0,0.0,247930.0,247929.99999999985
2023-01-02 09:42:00,963.84,1012.04,962.69,1009.62,1001.064,0,0,0.001100633607995949,0.0,0.0,-0.0,247930.0,0.0,247930.0,247929.99999999985
2023-01-02 09:43:00,964.98,1012.34,960.76,1007.94,1001.4200000000001,0,0,-0.0016639923931776046,0.0,-0.0,-0.0,247930.0,0.0,247930.0,247929.99999999985
2023-01-02 09:44:00,961.24,1012.18,957.35,1009.3,1000.368,0,0,0.0013492866638886714,0.0,0.0,-0.0,247930.0,0.0,247930.0,247929.99999999985
2023-01-02 09:45:00,1006.92,1010.64,956.67,1008.85,1008.8439999999998,0,0,-0.00044585356187454295,0.0,-0.0,-0.0,247930.0,0.0,247930.0,247929.99999999985
2023-01-02 09:46:00,959.98,1012.77,954.05,1006.76,1008.494,0,0,-0.0020716657580414077,0.0,-0.0,-0.0,247930.0,0.0,247930.0,247929.99999999985
2023-01-02 09:47:00,1010.71,1014.37,949.06,1010.21,1008.6120000000001,0,0,0.003426834598116768,0.0,0.0,-0.0,247930.0,0.0,247930.0,247929.99999999985
2023-01-02 09:48:00,1013.95,1013.95,947.83,949.24,996.8720000000001,1,1000,-0.060353787826293526,0.0,-0.0,-949240.0,-701310.0,949240.0,247930.0,247929.99999999985
2023-01-02 09:49:00,1012.53,1013.26,949.76,997.01,994.414,0,0,0.05032447010239771,1000.0,47769.999999999985,997010.0,295700.0,0.0,295700.0,295699.9999999998
2023-01-02 09:50:00,1010.45,1012.05,958.17,1007.94,994.232,0,0,0.01096277870833795,0.0,0.0,-0.0,295700.0,0.0,295700.0,295699.9999999998
2023-01-02 09:51:00,993.0,1009.96,951.96,953.83,983.646,1,1000,-0.053683751016925574,0.0,-0.0,-953830.0,-658130.0,953830.0,295700.0,295699.9999999998
2023-01-02 09:52:00,1004.19,1006.49,951.16,995.86,980.7760000000001,0,0,0.04406445593030206,1000.0,42029.99999999997,995860.0,337730.0,0.0,337730.0,337729.99999999977
2023-01-02 09:53:00,955.17,1003.55,950.28,1002.47,991.4220000000001,0,0,0.006637479163737803,0.0,0.0,-0.0,337730.0,0.0,337730.0,337729.99999999977
2023-01-02 09:54:00,951.78,1004.41,951.78,995.83,991.186,0,0,-0.006623639610162879,0.0,-0.0,-0.0,337730.0,0.0,337730.0,337729.99999999977
2023-01-02 09:55:00,1000.91,1002.04,955.5,1000.32,989.662,0,0,0.004508801703101861,0.0,0.0,-0.0,337730.0,0.0,337730.0,337729.99999999977
2023-01-02 09:56:00,996.52,1001.23,958.78,999.64,998.824,0,0,-0.0006797824696097576,0.0,-0.0,-0.0,337730.0,0.0,337730.0,337729.99999999977
2023-01-02 09:57:00,994.22,1003.13,957.56,959.99,991.65,1,1000,-0.03966427914049053,0.0,-0.0,-959990.0,-622260.0,959990.0,337730.0,337729.99999999977
2023-01-02 09:58:00,1001.33,1007.68,958.3,958.93,982.942,1,1000,-0.001104178168522596,1000.0,-1060.0000000000591,-0.0,-622260.0,958930.0,336670.0,336669.9999999997
2023-01-02 09:59:00,1003.29,1008.22,957.02,1005.91,984.958,0,0,0.04899210578457236,1000.0,46980.000000000015,1005910.0,383650.0,0.0,383650.0,383649.9999999997
2023-01-02 10:00:00,959.94,1010.21,958.66,959.56,976.8059999999999,1,1000,-0.04607768090584652,0.0,-0.0,-959560.0,-575910.0,959560.0,383650.0,383649.9999999997
2023-01-02 10:01:00,1008.4,1009.69,958.08,958.14,968.506,1,1000,-0.001479844928925722,1000.0,-1419.999999999959,-0.0,-575910.0,958140.0,382230.0,382229.99999999977
2023-01-02 10:02:00,985.65,1008.62,956.23,1006.37,977.7819999999999,0,0,0.05033711148683917,1000.0,48230.000000000015,1006370.0,430460.0,0.0,430460.0,430459.99999999977
2023-01-02 10:03:00,959.97,1012.31,958.86,1011.19,988.234,0,0,0.004789490942695096,0.0,0.0,-0.0,430460.0,0.0,430460.0,430459.99999999977
2023-01-02 10:04:00,962.49,1016.71,961.53,989.44,984.9399999999999,0,0,-0.02150931081201357,0.0,-0.0,-0.0,430460.0,0.0,430460.0,430459.99999999977
2023-01-02 10:05:00,967.99,1014.79,966.49,966.49,986.326,1,1000,-0.023194938551099664,0.0,-0.0,-966490.0,-536030.0,966490.0,430460.0,430459.99999999977
2023-01-02 10:06:00,987.28,1015.82,960.43,1014.36,997.57,0,0,0.04952974164243806,1000.0,47870.00000000001,1014360.0,478330.0,0.0,478330.0,478329.99999999977
2023-01-02 10:07:00,990.56,1019.72,958.87,961.19,988.534,1,1000,-0.05241728774793952,0.0,-0.0,-961190.0,-482860.0,961190.0,478330.0,478329.99999999977
2023-01-02 10:08:00,1018.15,1022.3,960.72,963.86,979.068,1,1000,0.0027778066771397825,1000.0,2669.999999999959,-0.0,-482860.0,963860.0,481000.0,480999.9999999997
2023-01-02 10:09:00,1021.77,1023.25,963.2,964.0,973.9799999999999,1,1000,0.0001452493100657648,1000.0,139.99999999998636,-0.0,-482860.0,964000.0,481140.0,481139.9999999997
2023-01-02 10:10:00,1021.37,1024.83,960.55,987.95,978.2720000000002,0,0,0.024844398340249096,1000.0,23950.000000000044,987950.0,505090.0,0.0,505090.0,505089.99999999977
2023-01-02 10:11:00,961.17,1029.15,955.85,981.68,971.7360000000001,0,0,-0.006346475024039733,0.0,-0.0,-0.0,505090.0,0.0,505090.0,505089.99999999977
2023-01-02 10:12:00,1029.32,1030.52,955.06,957.37,970.972,1,1000,-0.024763670442506713,0.0,-0.0,-957370.0,-452280.0,957370.0,505090.0,505089.99999999977
2023-01-02 10:13:00,975.74,1030.93,953.49,1030.49,984.298,0,0,0.07637590482258694,1000.0,73120.0,1030490.0,578210.0,0.0,578210.0,578209.9999999998
2023-01-02 10:14:00,954.58,1031.42,947.95,982.08,987.914,1,1000,-0.046977651408553145,0.0,-0.0,-982080.0,-403870.0,982080.0,578210.0,578209.9999999998
2023-01-02 10:15:00,1031.08,1035.96,947.45,1035.72,997.4680000000001,0,0,0.05461876832844581,1000.0,53639.999999999985,1035720.0,631850.0,0.0,631850.0,631849.9999999998
2023-01-02 10:16:00,986.25,1042.63,952.18,954.85,992.1020000000001,1,1000,-0.07808094851890468,0.0,-0.0,-954850.0,-323000.0,954850.0,631850.0,631849.9999999998
2023-01-02 10:17:00,982.15,1042.27,952.79,1036.95,1008.018,0,0,0.08598209142797297,1000.0,82100.00000000003,1036950.0,713950.0,0.0,713950.0,713949.9999999998
2023-01-02 10:18:00,956.13,1045.87,954.11,982.41,998.402,1,1000,-0.05259655721105172,0.0,-0.0,-982410.0,-268460.0,982410.0,713950.0,713949.9999999998
2023-01-02 10:19:00,1043.58,1047.65,956.21,956.21,993.2280000000001,1,1000,-0.026669109638541855,1000.0,-26199.99999999993,-0.0,-268460.0,956210.0,687750.0,687749.9999999999
2023-01-02 10:20:00,1045.94,1049.77,955.55,971.23,980.3300000000002,1,1000,0.01570784660273361,1000.0,15019.999999999982,-0.0,-268460.0,971230.0,702770.0,702769.9999999999
2023-01-02 10:21:00,962.77,1049.79,960.26,967.94,982.9480000000001,1,1000,-0.003387457141974526,1000.0,-3289.9999999999636,-0.0,-268460.0,967940.0,699480.0,699479.9999999999
2023-01-02 10:22:00,964.84,1048.04,964.02,969.65,969.488,1,1000,0.0017666384280017322,1000.0,1709.9999999999227,-0.0,-268460.0,969650.0,701190.0,701189.9999999998
2023-01-02 10:23:00,965.48,1044.42,964.88,1042.91,981.5880000000001,0,0,0.07555303460011364,1000.0,73260.0000000001,1042910.0000000001,774450.0000000001,0.0,774450.0000000001,774449.9999999999
2023-01-02 10:24:00,968.46,1045.54,963.62,1042.76,998.8979999999999,0,0,-0.00014382832650960964,0.0,-0.0,-0.0,774450.0000000001,0.0,774450.0000000001,774449.9999999999
2023-01-02 10:25:00,969.49,1045.63,963.32,968.87,998.426,1,1000,-0.07086002531742686,0.0,-0.0,-968870.0,-194419.99999999988,968870.0,774450.0000000001,774449.9999999999
2023-01-02 10:26:00,1045.69,1051.7,964.79,968.1,998.458,1,1000,-0.0007947402644317147,1000.0,-769.9999999999818,-0.0,-194419.99999999988,968100.0,773680.0000000001,773679.9999999999
2023-01-02 10:27:00,968.63,1052.46,965.97,1050.25,1014.5780000000001,0,0,0.08485693626691448,1000.0,82149.99999999997,1050250.0,855830.0000000001,0.0,855830.0000000001,855829.9999999999
2023-01-02 10:28:00,972.24,1051.6,967.9,974.09,1000.8140000000001,1,1000,-0.0725160676029516,0.0,-0.0,-974090.0,-118259.99999999988,974090.0,855830.0000000001,855829.9999999999
2023-01-02 10:29:00,1051.46,1056.78,965.67,966.59,985.5799999999999,1,1000,-0.007699493886601849,1000.0,-7500.0,-0.0,-118259.99999999988,966590.0,848330.0000000001,848329.9999999999
2023-01-02 10:30:00,1055.86,1060.14,963.71,971.36,986.0780000000001,1,1000,0.004934874145190893,1000.0,4769.999999999982,-0.0,-118259.99999999988,971360.0,853100.0000000001,853099.9999999999
2023-01-02 10:31:00,1056.75,1064.25,961.82,1061.65,1004.7880000000001,0,0,0.09295214956349862,1000.0,90290.00000000007,1061650.0,943390.0000000001,0.0,943390.0000000001,943390.0
2023-01-02 10:32:00,961.64,1063.99,958.77,960.0,986.738,1,1000,-0.0957471859840815,0.0,-0.0,-960000.0,-16609.999999999884,960000.0,943390.0000000001,943390.0
2023-01-02 10:33:00,958.84,1061.96,953.6,1054.98,1002.9159999999999,0,0,0.09893750000000012,1000.0,94980.00000000001,1054980.0,1038370.0000000001,0.0,1038370.0000000001,1038370.0
2023-01-02 10:34:00,957.07,1057.41,948.23,1057.41,1021.0800000000002,0,0,0.002303361201160259,0.0,0.0,-0.0,1038370.0000000001,0.0,1038370.0000000001,1038370.0
2023-01-02 10:35:00,953.5,1057.68,941.93,1053.57,1037.5220000000002,0,0,-0.0036315147388431557,0.0,-0.0,-0.0,1038370.0000000001,0.0,1038370.0000000001,1038370.0
2023-01-02 10:36:00,951.43,1054.53,941.0,942.98,1013.7880000000001,1,1000,-0.10496692198904667,0.0,-0.0,-942980.0,95390.00000000012,942980.0,1038370.0000000001,1038370.0
2023-01-02 10:37:00,1054.12,1054.48,939.95,942.16,1010.22,1,1000,-0.0008695836603109797,1000.0,-820.00000000005,-0.0,95390.00000000012,942160.0,1037550.0000000001,1037550.0
2023-01-02 10:38:00,1048.97,1049.77,936.91,948.42,988.908,1,1000,0.006644306699499003,1000.0,6259.999999999991,-0.0,95390.00000000012,948420.0,1043810.0000000001,1043810.0
2023-01-02 10:39:00,938.12,1045.22,936.05,950.51,967.528,1,1000,0.002203665042913583,1000.0,2090.000000000032,-0.0,95390.00000000012,950510.0,1045900.0000000001,1045900.0
2023-01-02 10:40:00,1037.71,1039.43,939.18,940.16,944.8459999999999,1,1000,-0.010888891226815134,1000.0,-10350.000000000022,-0.0,95390.00000000012,940160.0,1035550.0000000001,1035550.0
2023-01-02 10:41:00,944.58,1043.51,933.71,949.52,946.1539999999999,0,0,0.009955752212389424,1000.0,9360.000000000015,949520.0,1044910.0000000001,0.0,1044910.0000000001,1044910.0
2023-01-02 10:42:00,936.14,1046.35,933.31,1044.08,966.5380000000001,0,0,0.09958715982812372,0.0,0.0,-0.0,1044910.0000000001,0.0,1044910.0000000001,1044910.0
2023-01-02 10:43:00,938.31,1043.57,932.96,953.51,967.5559999999999,1,1000,-0.08674622634280893,0.0,-0.0,-953510.0,91400.00000000012,953510.0,1044910.0000000001,1044910.0
2023-01-02 10:44:00,1038.78,1041.89,937.81,939.98,965.45,1,1000,-0.014189678136569017,1000.0,-13529.999999999973,-0.0,91400.00000000012,939980.0,1031380.0000000001,1031380.0
2023-01-02 10:45:00,952.07,1045.13,937.33,1043.19,986.0559999999999,0,0,0.10980020851507488,1000.0,103210.00000000003,1043190.0,1134590.0,0.0,1134590.0,1134590.0
2023-01-02 10:46:00,947.75,1046.11,934.23,935.88,983.3280000000001,1,1000,-0.10286716705489896,0.0,-0.0,-935880.0,198710.0,935880.0,1134590.0,1134590.0
2023-01-02 10:47:00,1039.19,1040.94,932.77,934.97,961.506,1,1000,-0.0009723468820788117,1000.0,-909.9999999999682,-0.0,198710.0,934970.0,1133680.0,1133680.0
2023-01-02 10:48:00,1037.09,1037.82,930.79,950.66,960.936,1,1000,0.016781287100120723,1000.0,15689.999999999942,-0.0,198710.0,950660.0,1149370.0,1149370.0
2023-01-02 10:49:00,933.12,1033.18,932.01,947.46,962.432,1,1000,-0.00336608251109749,1000.0,-3199.999999999932,-0.0,198710.0,947460.0,1146170.0,1146170.0
2023-01-02 10:50:00,935.79,1034.67,931.08,950.39,943.872,0,0,0.003092478838156776,1000.0,2929.99999999995,950390.0,1149100.0,0.0,1149100.0,1149100.0
2023-01-02 10:51:00,932.56,1034.58,930.88,1033.81,963.458,0,0,0.08777449257673164,0.0,0.0,-0.0,1149100.0,0.0,1149100.0,1149100.0
2023-01-02 10:52:00,949.9,1039.59,930.04,1039.29,984.3219999999999,0,0,0.005300780607655264,0.0,0.0,-0.0,1149100.0,0.0,1149100.0,1149100.0
2023-01-02 10:53:00,930.33,1045.55,929.06,954.57,985.1039999999999,1,1000,-0.08151718961983656,0.0,-0.0,-954570.0,194530.0,954570.0,1149100.0,1149100.0
2023-01-02 10:54:00,1042.92,1048.36,935.01,938.93,983.3979999999999,1,1000,-0.01638434059314675,1000.0,-15640.0000000001,-0.0,194530.0,938930.0,1133460.0,1133460.0
2023-01-02 10:55:00,956.48,1053.19,934.89,935.42,980.4039999999999,1,1000,-0.003738297849679939,1000.0,-3509.999999999991,-0.0,194530.0,935420.0,1129950.0,1129950.0
2023-01-02 10:56:00,956.56,1052.63,931.43,1047.72,983.186,0,0,0.12005302430993581,1000.0,112300.00000000007,1047720.0,1242250.0,0.0,1242250.0,1242250.0
2023-01-02 10:57:00,961.26,1053.49,931.46,967.36,968.8,0,0,-0.07669988164776853,0.0,-0.0,-0.0,1242250.0,0.0,1242250.0,1242250.0
2023-01-02 10:58:00,1048.67,1050.69,938.0,944.0,966.6859999999999,1,1000,-0.024148197155143936,0.0,-0.0,-944000.0,298250.0,944000.0,1242250.0,1242250.0
2023-01-02 10:59:00,1045.81,1046.21,932.69,964.4,971.78,1,1000,0.02161016949152539,1000.0,20399.999999999978,-0.0,298250.0,964400.0,1262650.0,1262650.0
2023-01-02 11:00:00,937.02,1049.21,934.47,957.21,976.1379999999999,1,1000,-0.007455412691829033,1000.0,-7189.999999999941,-0.0,298250.0,957210.0,1255460.0,1255460.0
2023-01-02 11:01:00,934.72,1052.77,934.72,949.8,956.5540000000001,1,1000,-0.007741248002005929,1000.0,-7410.000000000082,-0.0,298250.0,949800.0,1248050.0,1248050.0
2023-01-02 11:02:00,937.56,1057.46,937.04,1057.46,974.574,0,0,0.11335017898504951,1000.0,107660.00000000009,1057460.0,1355710.0,0.0,1355710.0,1355710.0
2023-01-02 11:03:00,948.2,1061.77,938.38,1061.62,998.098,0,0,0.003933954948650342,0.0,0.0,-0.0,1355710.0,0.0,1355710.0,1355710.0
2023-01-02 11:04:00,942.17,1067.44,937.92,944.73,994.164,1,1000,-0.11010531075149288,0.0,-0.0,-944730.0,410980.0,944730.0,1355710.0,1355710.0
2023-01-02 11:05:00,1065.5,1070.43,941.37,943.48,991.418,1,1000,-0.0013231293597112392,1000.0,-1250.0,-0.0,410980.0,943480.0,1354460.0,1354460.0
2023-01-02 11:06:00,950.7,1068.3,933.78,935.1,988.4780000000001,1,1000,-0.008882011277398516,1000.0,-8379.999999999996,-0.0,410980.0,935100.0,1346080.0,1346080.0
2023-01-02 11:07:00,953.49,1070.23,932.65,1066.93,990.3720000000001,0,0,0.1409795743770721,1000.0,131830.00000000003,1066930.0,1477910.0,0.0,1477910.0,1477910.0
2023-01-02 11:08:00,954.37,1069.29,931.95,956.12,969.2720000000002,1,1000,-0.10385873487482777,0.0,-0.0,-956120.0,521790.0,956120.0,1477910.0,1477910.0
2023-01-02 11:09:00,1067.27,1069.71,932.22,933.65,967.0560000000002,1,1000,-0.023501234154708617,1000.0,-22470.00000000003,-0.0,521790.0,933650.0,1455440.0,1455440.0
2023-01-02 11:10:00,1067.72,1072.13,932.64,956.87,969.734,1,1000,0.02487013334761423,1000.0,23220.00000000003,-0.0,521790.0,956870.0,1478660.0,1478660.0
2023-01-02 11:11:00,937.66,1078.22,935.77,951.46,973.0060000000001,1,1000,-0.005653850575313202,1000.0,-5409.999999999968,-0.0,521790.0,951460.0,1473250.0,1473250.0
2023-01-02 11:12:00,936.95,1080.02,936.01,1077.55,975.1299999999999,0,0,0.13252264940197156,1000.0,126089.99999999991,1077550.0,1599340.0,0.0,1599340.0,1599340.0
2023-01-02 11:13:00,946.72,1085.46,942.33,1081.99,1000.3040000000001,0,0,0.004120458447403941,0.0,0.0,-0.0,1599340.0,0.0,1599340.0,1599340.0
2023-01-02 11:14:00,945.62,1089.2,943.25,1084.41,1030.4560000000001,0,0,0.0022366195621033036,0.0,0.0,-0.0,1599340.0,0.0,1599340.0,1599340.0
2023-01-02 11:15:00,946.44,1088.49,942.12,955.56,1030.194,1,1000,-0.11882037236838472,0.0,-0.0,-955560.0,643780.0,955560.0,1599340.0,1599340.0
2023-01-02 11:16:00,1086.96,1088.44,941.61,957.66,1031.434,1,1000,0.002197664196910809,1000.0,2100.0000000000227,-0.0,643780.0,957660.0,1601440.0,1601440.0
2023-01-02 11:17:00,943.06,1085.3,941.33,1085.3,1032.984,0,0,0.1332832111605371,1000.0,127639.99999999999,1085300.0,1729080.0,0.0,1729080.0,1729080.0
2023-01-02 11:18:00,961.26,1087.03,938.92,966.79,1009.9440000000001,1,1000,-0.10919561411591261,0.0,-0.0,-966790.0,762290.0,966790.0,1729080.0,1729080.0
2023-01-02 11:19:00,1087.05,1093.33,930.4,930.48,979.158,1,1000,-0.03755727717498103,1000.0,-36309.99999999994,-0.0,762290.0,930480.0,1692770.0,1692770.0
2023-01-02 11:20:00,1088.49,1094.04,925.43,951.78,978.402,1,1000,0.0228914108847047,1000.0,21299.999999999956,-0.0,762290.0,951780.0,1714070.0,1714070.0
2023-01-02 11:21:00,1090.69,1091.22,924.57,1088.75,1004.6200000000001,0,0,0.14390930677257363,1000.0,136970.00000000003,1088750.0,1851040.0,0.0,1851040.0,1851040.0
2023-01-02 11:22:00,958.1,1089.91,925.31,925.31,972.622,1,1000,-0.15011710677382328,0.0,-0.0,-925310.0,925730.0,925310.0,1851040.0,1851040.0
2023-01-02 11:23:00,956.44,1088.68,922.47,954.14,970.092,1,1000,0.031157125720028933,1000.0,28830.00000000004,-0.0,925730.0,954140.0,1879870.0,1879870.0
2023-01-02 11:24:00,931.88,1082.1,925.16,1077.14,999.424,0,0,0.12891189972121508,1000.0,123000.00000000012,1077140.0,2002870.0,0.0,2002870.0,2002870.0
2023-01-02 11:25:00,924.49,1077.55,920.6,955.65,1000.198,1,1000,-0.11278942384462565,0.0,-0.0,-955650.0,1047220.0,955650.0,2002870.0,2002870.0
2023-01-02 11:26:00,1073.87,1074.73,919.36,957.67,973.982,1,1000,0.002113744571757392,1000.0,2019.9999999999818,-0.0,1047220.0,957670.0,2004890.0,2004890.0
2023-01-02 11:27:00,1066.88,1070.49,920.53,968.36,982.592,1,1000,0.011162509006233945,1000.0,10690.000000000055,-0.0,1047220.0,968360.0,2015580.0,2015580.0
2023-01-02 11:28:00,1070.05,1073.76,917.74,923.75,976.5139999999999,1,1000,-0.046067578173406565,1000.0,-44610.000000000015,-0.0,1047220.0,923750.0,1970970.0,1970970.0
2023-01-02 11:29:00,975.11,1071.68,924.52,926.37,946.36,1,1000,0.0028362652232747365,1000.0,2620.0000000000045,-0.0,1047220.0,926370.0,1973590.0,1973590.0
2023-01-02 11:30:00,1069.55,1069.55,922.9,973.66,949.9619999999999,0,0,0.051048717035309776,1000.0,47289.99999999996,973660.0,2020880.0,0.0,2020880.0,2020880.0
2023-01-02 11:31:00,923.11,1062.24,921.39,922.84,942.9959999999999,1,1000,-0.05219481133044379,0.0,-0.0,-922840.0,1098040.0,922840.0,2020880.0,2020880.0
2023-01-02 11:32:00,975.41,1060.82,921.12,1059.93,961.3100000000001,0,0,0.14855229508907297,1000.0,137090.00000000003,1059930.0,2157970.0,0.0,2157970.0,2157970.0
2023-01-02 11:33:00,979.94,1059.68,917.95,921.78,960.9159999999999,1,1000,-0.13033879595822373,0.0,-0.0,-921780.0,1236190.0,921780.0,2157970.0,2157970.0
2023-01-02 11:34:00,984.87,1050.94,918.94,991.68,973.9780000000001,0,0,0.07583154331836228,1000.0,69899.99999999997,991680.0,2227870.0,0.0,2227870.0,2227870.0
2023-01-02 11:35:00,919.97,1051.65,916.36,1051.0,989.4459999999999,0,0,0.05981768312358837,0.0,0.0,-0.0,2227870.0,0.0,2227870.0,2227870.0
2023-01-02 11:36:00,991.71,1053.87,914.73,914.87,987.8520000000001,1,1000,-0.12952426260704086,0.0,-0.0,-914870.0,1313000.0,914870.0,2227870.0,2227870.0
2023-01-02 11:37:00,1050.45,1053.57,911.23,994.94,974.854,0,0,0.08752063134653021,1000.0,80070.00000000004,994940.0,2307940.0,0.0,2307940.0,2307940.0
2023-01-02 11:38:00,1051.86,1052.36,909.49,909.49,972.3960000000001,1,1000,-0.08588457595432897,0.0,-0.0,-909490.0,1398450.0,909490.0,2307940.0,2307940.0
2023-01-02 11:39:00,997.66,1048.54,902.65,903.31,954.722,1,1000,-0.00679501698754259,1000.0,-6180.000000000064,-0.0,1398450.0,903310.0,2301760.0,2301760.0
2023-01-02 11:40:00,998.41,1049.98,901.67,907.28,925.9780000000001,1,1000,0.004394947470967914,1000.0,3970.0000000000273,-0.0,1398450.0,907280.0,2305730.0,2305730.0
2023-01-02 11:41:00,994.81,1049.06,905.45,1046.96,952.396,0,0,0.1539546777180143,1000.0,139680.00000000006,1046960.0,2445410.0,0.0,2445410.0,2445410.0
2023-01-02 11:42:00,907.78,1052.08,907.78,1049.98,963.4040000000001,0,0,0.0028845419118208593,0.0,0.0,-0.0,2445410.0,0.0,2445410.0,2445410.0
2023-01-02 11:43:00,993.83,1051.95,909.58,916.45,964.7959999999999,1,1000,-0.12717385093049394,0.0,-0.0,-916450.0,1528960.0,916450.0,2445410.0,2445410.0
2023-01-02 11:44:00,1050.5,1052.08,910.53,1048.35,993.8039999999999,0,0,0.14392492771018595,1000.0,131899.99999999985,1048349.9999999999,2577310.0,0.0,2577310.0,2577310.0
2023-01-02 11:45:00,910.48,1051.33,907.62,990.42,1010.432,1,1000,-0.055258262984690165,0.0,-0.0,-990420.0,1586890.0,990420.0,2577310.0,2577310.0
2023-01-02 11:46:00,909.89,1050.49,908.87,1045.27,1010.0939999999998,0,0,0.0553805456271077,1000.0,54850.00000000002,1045270.0,2632160.0,0.0,2632160.0,2632160.0
2023-01-02 11:47:00,988.66,1045.71,909.56,911.36,982.3699999999999,1,1000,-0.12811044036469044,0.0,-0.0,-911360.0,1720800.0,911360.0,2632160.0,2632160.0
2023-01-02 11:48:00,1043.79,1045.0,904.1,981.56,995.392,1,1000,0.07702773876404478,1000.0,70199.99999999993,-0.0,1720800.0,981560.0,2702360.0,2702360.0
2023-01-02 11:49:00,1039.77,1043.95,903.93,1042.06,994.134,0,0,0.06163657850768156,1000.0,60500.0,1042060.0,2762860.0,0.0,2762860.0,2762860.0
2023-01-02 11:50:00,985.65,1045.28,905.54,908.08,977.6659999999999,1,1000,-0.12857225111797776,0.0,-0.0,-908080.0,1854780.0,908080.0,2762860.0,2762860.0
2023-01-02 11:51:00,988.55,1047.13,906.79,1045.75,977.762,0,0,0.15160558541097702,1000.0,137669.99999999997,1045750.0,2900530.0,0.0,2900530.0,2900530.0
2023-01-02 11:52:00,914.4,1051.22,911.7,1051.22,1005.734,0,0,0.005230695672961971,0.0,0.0,-0.0,2900530.0,0.0,2900530.0,2900530.0
2023-01-02 11:53:00,912.78,1054.86,912.6,1054.86,1020.3939999999999,0,0,0.003462643404805732,0.0,0.0,-0.0,2900530.0,0.0,2900530.0,2900530.0
2023-01-02 11:54:00,918.71,1055.14,917.62,988.44,1009.6700000000001,1,1000,-0.06296570160969217,0.0,-0.0,-988440.0,1912090.0,988440.0,2900530.0,2900530.0
2023-01-02 11:55:00,1049.91,1050.69,915.09,988.33,1025.72,1,1000,-0.0001112864716118489,1000.0,-110.00000000001364,-0.0,1912090.0,988330.0,2900420.0,2900420.0
2023-01-02 11:56:00,922.14,1044.06,921.66,1041.97,1024.964,0,0,0.05427337023059109,1000.0,53639.999999999985,1041970.0,2954060.0,0.0,2954060.0,2954060.0
2023-01-02 11:57:00,982.76,1043.54,925.23,925.32,999.784,1,1000,-0.1119513997523921,0.0,-0.0,-925320.0,2028740.0,925320.0,2954060.0,2954060.0
2023-01-02 11:58:00,1043.44,1045.57,923.39,992.23,987.258,0,0,0.07231011974235946,1000.0,66909.99999999997,992230.0,3020970.0,0.0,3020970.0,3020970.0
2023-01-02 11:59:00,924.49,1051.14,920.69,925.71,974.7120000000001,1,1000,-0.06704090785402572,0.0,-0.0,-925710.0,2095260.0,925710.0,3020970.0,3020970.0
2023-01-02 12:00:00,992.05,1050.94,924.25,1044.39,985.9240000000002,0,0,0.1282042972421169,1000.0,118680.00000000006,1044390.0000000001,3139650.0,0.0,3139650.0,3139650.0
2023-01-02 12:01:00,993.95,1044.39,917.63,922.64,962.058,1,1000,-0.11657522572985202,0.0,-0.0,-922640.0,2217010.0,922640.0,3139650.0,3139650.0
2023-01-02 12:02:00,993.35,1044.03,922.61,988.88,974.7700000000001,0,0,0.07179398248504287,1000.0,66240.00000000001,988880.0,3205890.0,0.0,3205890.0,3205890.0
2023-01-02 12:03:00,923.07,1039.87,921.94,1035.91,983.506,0,0,0.04755885446161323,0.0,0.0,-0.0,3205890.0,0.0,3205890.0,3205890.0
2023-01-02 12:04:00,928.9,1038.74,924.54,992.17,996.798,1,1000,-0.042223745306059546,0.0,-0.0,-992170.0,2213720.0,992170.0,3205890.0,3205890.0
2023-01-02 12:05:00,1033.54,1035.12,926.28,990.57,986.034,0,0,-0.0016126268683793743,1000.0,-1599.999999999909,990570.0,3204290.0,0.0,3204290.0,3204290.0
2023-01-02 12:06:00,1025.11,1035.24,927.85,992.93,1000.092,1,1000,0.0023824666606093725,0.0,0.0,-992930.0,2211360.0,992930.0,3204290.0,3204290.0
2023-01-02 12:07:00,1036.27,1042.84,928.5,931.01,988.518,1,1000,-0.062360891502925675,1000.0,-61919.999999999956,-0.0,2211360.0,931010.0,3142370.0,3142370.0
2023-01-02 12:08:00,996.22,1044.56,929.7,930.82,967.5,1,1000,-0.00020407944060740757,1000.0,-189.99999999994088,-0.0,2211360.0,930820.0,3142180.0,3142180.0
2023-01-02 12:09:00,1044.61,1054.57,927.55,1000.37,969.14,0,0,0.07471906491050895,1000.0,69549.99999999996,1000370.0,3211730.0,0.0,3211730.0,3211730.0
2023-01-02 12:10:00,931.49,1057.09,929.17,1056.72,982.3700000000001,0,0,0.05632915821146178,0.0,0.0,-0.0,3211730.0,0.0,3211730.0,3211730.0
2023-01-02 12:11:00,998.79,1057.69,930.86,933.26,970.436,1,1000,-0.11683321977439631,0.0,-0.0,-933260.0,2278470.0,933260.0,3211730.0,3211730.0
2023-01-02 12:12:00,1051.63,1052.33,931.57,1051.25,994.484,0,0,0.126427790754988,1000.0,117990.00000000001,1051250.0,3329720.0,0.0,3329720.0,3329720.0
2023-01-02 12:13:00,936.68,1056.66,936.68,1001.49,1008.618,1,1000,-0.04733412604042808,0.0,-0.0,-1001490.0,2328230.0,1001490.0,3329720.0,3329720.0
2023-01-02 12:14:00,941.39,1059.34,934.5,1054.9,1019.524,0,0,0.05333053749912642,1000.0,53410.00000000008,1054900.0,3383130.0,0.0,3383130.0,3383130.0
2023-01-02 12:15:00,937.43,1055.99,935.26,937.39,995.658,1,1000,-0.11139444497108741,0.0,-0.0,-937390.0,2445740.0,937390.0,3383130.0,3383130.0
2023-01-02 12:16:00,1054.11,1060.65,936.2,1008.82,1010.7700000000001,1,1000,0.0762009409104003,1000.0,71430.00000000006,-0.0,2445740.0,1008820.0,3454560.0,3454560.0
2023-01-02 12:17:00,1059.93,1060.29,929.36,929.36,986.392,1,1000,-0.07876529014095679,1000.0,-79460.00000000003,-0.0,2445740.0,929360.0,3375100.0,3375100.0
2023-01-02 12:18:00,1008.69,1058.95,924.93,927.43,971.5799999999999,1,1000,-0.0020766979426702914,1000.0,-1930.0000000000637,-0.0,2445740.0,927430.0,3373170.0,3373170.0
2023-01-02 12:19:00,1006.64,1060.06,926.96,933.63,947.326,1,1000,0.006685140657515909,1000.0,6200.0000000000455,-0.0,2445740.0,933630.0,3379370.0,3379370.0
2023-01-02 12:20:00,1013.65,1057.73,929.11,1051.59,970.1659999999999,0,0,0.12634555444876439,1000.0,117959.99999999993,1051590.0,3497330.0,0.0,3497330.0,3497330.0
2023-01-02 12:21:00,931.58,1053.58,930.47,1050.87,978.5759999999998,0,0,-0.000684677488374752,0.0,-0.0,-0.0,3497330.0,0.0,3497330.0,3497330.0
2023-01-02 12:22:00,1009.94,1051.51,928.85,1013.01,995.3059999999999,0,0,-0.03602729167261398,0.0,-0.0,-0.0,3497330.0,0.0,3497330.0,3497330.0
2023-01-02 12:23:00,1051.2,1059.1,928.37,1011.94,1012.208,0,0,-0.001056258082348549,0.0,-0.0,-0.0,3497330.0,0.0,3497330.0,3497330.0
2023-01-02 12:24:00,934.84,1065.37,934.84,1064.47,1038.3759999999997,0,0,0.0519101923038916,0.0,0.0,-0.0,3497330.0,0.0,3497330.0,3497330.0
2023-01-02 12:25:00,1010.97,1064.34,937.89,1011.56,1030.37,1,1000,-0.049705487237780344,0.0,-0.0,-1011560.0,2485770.0,1011560.0,3497330.0,3497330.0
2023-01-02 12:26:00,1061.33,1061.33,938.54,941.28,1008.4519999999999,1,1000,-0.06947684764126694,1000.0,-70279.99999999997,-0.0,2485770.0,941280.0,3427050.0,3427050.0
2023-01-02 12:27:00,1059.81,1061.81,941.26,1014.75,1008.8,0,0,0.07805328913819487,1000.0,73470.00000000003,1014750.0,3500520.0,0.0,3500520.0,3500520.0
2023-01-02 12:28:00,949.15,1064.15,944.74,1063.66,1019.1439999999999,0,0,0.048199063808819886,0.0,0.0,-0.0,3500520.0,0.0,3500520.0,3500520.0
2023-01-02 12:29:00,1019.14,1069.72,940.42,940.42,994.3340000000001,1,1000,-0.11586409190906877,0.0,-0.0,-940420.0,2560100.0,940420.0,3500520.0,3500520.0
2023-01-02 12:30:00,1025.15,1073.98,935.06,1073.58,1006.738,0,0,0.14159630803258105,1000.0,133159.99999999997,1073580.0,3633680.0,0.0,3633680.0,3633680.0
2023-01-02 12:31:00,935.35,1074.31,935.35,1069.87,1032.4560000000001,0,0,-0.0034557275657147724,0.0,-0.0,-0.0,3633680.0,0.0,3633680.0,3633680.0
2023-01-02 12:32:00,942.28,1071.73,940.35,1069.1,1043.326,0,0,-0.0007197136100647317,0.0,-0.0,-0.0,3633680.0,0.0,3633680.0,3633680.0
2023-01-02 12:33:00,942.66,1070.58,937.94,1025.4,1035.6739999999998,1,1000,-0.04087550275933016,0.0,-0.0,-1025400.0000000001,2608280.0,1025400.0000000001,3633680.0,3633680.0
2023-01-02 12:34:00,1069.77,1072.56,937.49,1017.63,1051.116,1,1000,-0.007577530719719228,1000.0,-7770.0000000000955,-0.0,2608280.0,1017630.0,3625910.0,3625910.0
2023-01-02 12:35:00,943.61,1078.85,941.94,1074.8,1051.3600000000001,0,0,0.056179554454959035,1000.0,57169.999999999956,1074800.0,3683080.0,0.0,3683080.0,3683080.0
2023-01-02 12:36:00,1009.3,1075.77,946.28,1003.08,1038.002,1,1000,-0.06672869371045764,0.0,-0.0,-1003080.0,2680000.0,1003080.0,3683080.0,3683080.0
2023-01-02 12:37:00,1075.87,1079.05,954.7,956.91,1015.564,1,1000,-0.04602823304223003,1000.0,-46170.00000000007,-0.0,2680000.0,956910.0,3636910.0,3636910.0
2023-01-02 12:38:00,1077.1,1080.14,951.22,1001.98,1010.8799999999999,1,1000,0.047099518241005,1000.0,45070.00000000005,-0.0,2680000.0,1001980.0,3681980.0,3681980.0
2023-01-02 12:39:00,951.78,1080.41,950.54,1077.72,1022.8979999999999,0,0,0.07559033114433422,1000.0,75740.00000000001,1077720.0,3757720.0,0.0,3757720.0,3757720.0
2023-01-02 12:40:00,1005.0,1078.99,952.22,957.79,999.4959999999999,1,1000,-0.11128122332331225,0.0,-0.0,-957790.0,2799930.0,957790.0,3757720.0,3757720.0
2023-01-02 12:41:00,1005.88,1076.43,956.79,1073.98,1013.676,0,0,0.12131051691915773,1000.0,116190.00000000006,1073980.0,3873910.0,0.0,3873910.0,3873910.0
2023-01-02 12:42:00,966.86,1075.77,966.86,1069.25,1036.144,0,0,-0.004404178848768203,0.0,-0.0,-0.0,3873910.0,0.0,3873910.0,3873910.0
2023-01-02 12:43:00,973.64,1072.41,965.59,1070.7,1049.888,0,0,0.0013560907177929682,0.0,0.0,-0.0,3873910.0,0.0,3873910.0,3873910.0
2023-01-02 12:44:00,965.6,1077.22,965.51,1008.88,1036.12,1,1000,-0.05773792845801817,0.0,-0.0,-1008880.0,2865030.0,1008880.0,3873910.0,3873910.0
2023-01-02 12:45:00,1076.85,1080.19,963.56,1009.89,1046.54,1,1000,0.0010011101419395985,1000.0,1009.9999999999909,-0.0,2865030.0,1009890.0,3874920.0,3874920.0
2023-01-02 12:46:00,1076.95,1079.34,962.92,966.64,1025.072,1,1000,-0.04282644644466227,1000.0,-43250.0,-0.0,2865030.0,966640.0,3831670.0,3831670.0
2023-01-02 12:47:00,1010.64,1078.8,966.7,972.51,1005.7239999999999,1,1000,0.006072581312587921,1000.0,5870.000000000005,-0.0,2865030.0,972510.0,3837540.0,3837540.0
2023-01-02 12:48:00,1076.78,1079.4,969.03,1009.9,993.564,0,0,0.03844690543027829,1000.0,37389.999999999985,1009900.0,3874930.0,0.0,3874930.0,3874930.0
2023-01-02 12:49:00,970.13,1082.81,966.35,1082.81,1008.35,0,0,0.07219526685810473,0.0,0.0,-0.0,3874930.0,0.0,3874930.0,3874930.0
2023-01-02 12:50:00,1007.75,1087.12,967.74,1086.33,1023.6379999999999,0,0,0.003250801156250871,0.0,0.0,-0.0,3874930.0,0.0,3874930.0,3874930.0
2023-01-02 12:51:00,1010.46,1090.28,968.59,968.59,1024.028,1,1000,-0.10838327211804877,0.0,-0.0,-968590.0,2906340.0,968590.0,3874930.0,3874930.0
2023-01-02 12:52:00,1011.7,1093.95,969.38,1005.02,1030.53,1,1000,0.037611373233256584,1000.0,36429.99999999995,-0.0,2906340.0,1005020.0,3911360.0,3911360.0
2023-01-02 12:53:00,974.31,1101.81,969.07,1101.81,1048.912,0,0,0.0963065411633599,1000.0,96789.99999999997,1101810.0,4008150.0,0.0,4008150.0,4008150.0
2023-01-02 12:54:00,970.12,1103.88,968.77,1015.4,1035.4299999999998,1,1000,-0.07842549985932235,0.0,-0.0,-1015400.0,2992750.0,1015400.0,4008150.0,4008150.0
2023-01-02 12:55:00,1102.67,1104.63,968.94,1009.07,1019.9780000000001,1,1000,-0.0062339964545991,1000.0,-6329.999999999927,-0.0,2992750.0,1009070.0,4001820.0,4001820.0
2023-01-02 12:56:00,1100.81,1101.02,975.45,1006.83,1027.626,1,1000,-0.002219865817039479,1000.0,-2240.000000000009,-0.0,2992750.0,1006830.0,3999580.0,3999580.0
2023-01-02 12:57:00,1093.73,1095.63,974.38,978.2,1022.2620000000001,1,1000,-0.028435783598025455,1000.0,-28629.999999999996,-0.0,2992750.0,978200.0,3970950.0,3970950.0
2023-01-02 12:58:00,1006.37,1096.54,973.37,973.37,996.574,1,1000,-0.004937640564301793,1000.0,-4830.000000000041,-0.0,2992750.0,973370.0,3966120.0,3966120.0
2023-01-02 12:59:00,1006.25,1097.04,972.31,1096.34,1012.762,0,0,0.12633428192773555,1000.0,122969.99999999991,1096340.0,4089090.0,0.0,4089090.0,4089090.0
2023-01-02 13:00:00,980.43,1097.14,978.13,1096.03,1030.154,0,0,-0.00028275899812102434,0.0,-0.0,-0.0,4089090.0,0.0,4089090.0,4089090.0
2023-01-02 13:01:00,1005.77,1104.77,976.45,979.39,1024.666,1,1000,-0.10642044469585688,0.0,-0.0,-979390.0,3109700.0,979390.0,4089090.0,4089090.0
2023-01-02 13:02:00,1103.59,1109.59,977.9,1109.59,1050.944,0,0,0.13293989115674032,1000.0,130199.99999999993,1109590.0,4219290.0,0.0,4219290.0,4219290.0
2023-01-02 13:03:00,984.97,1110.18,983.34,1003.91,1057.052,1,1000,-0.09524238682756692,0.0,-0.0,-1003910.0,3215380.0,1003910.0,4219290.0,4219290.0
2023-01-02 13:04:00,983.35,1106.74,982.02,1106.19,1059.0220000000002,0,0,0.10188164277674305,1000.0,102280.00000000009,1106190.0,4321570.0,0.0,4321570.0,4321570.0
2023-01-02 13:05:00,1009.23,1106.98,984.92,988.19,1037.454,1,1000,-0.1066724522911977,0.0,-0.0,-988190.0,3333380.0,988190.0,4321570.0,4321570.0
2023-01-02 13:06:00,1104.69,1105.61,985.88,1002.95,1042.166,1,1000,0.01493639887066256,1000.0,14759.99999999999,-0.0,3333380.0,1002950.0,4336330.0,4336330.0
2023-01-02 13:07:00,1100.95,1108.06,990.35,995.44,1019.336,1,1000,-0.007487910663542485,1000.0,-7509.999999999991,-0.0,3333380.0,995440.0,4328820.0,4328820.0
2023-01-02 13:08:00,1003.28,1113.03,991.2,994.62,1017.4780000000001,1,1000,-0.0008237563288596705,1000.0,-820.00000000005,-0.0,3333380.0,994620.0,4328000.0,4328000.0
2023-01-02 13:09:00,997.96,1115.38,991.58,1113.64,1018.9680000000001,0,0,0.11966379119663806,1000.0,119020.0000000001,1113640.0,4447020.0,0.0,4447020.0,4447020.0
2023-01-02 13:10:00,995.36,1116.29,992.02,1113.44,1044.018,0,0,-0.00017959125031430379,0.0,-0.0,-0.0,4447020.0,0.0,4447020.0,4447020.0
2023-01-02 13:11:00,996.63,1117.71,995.77,1117.06,1066.84,0,0,0.0032511855151600155,0.0,0.0,-0.0,4447020.0,0.0,4447020.0,4447020.0
2023-01-02 13:12:00,1000.61,1121.65,992.53,994.19,1066.5900000000001,1,1000,-0.10999409163339469,0.0,-0.0,-994190.0,3452830.0,994190.0,4447020.0,4447020.0
2023-01-02 13:13:00,1121.49,1123.05,992.33,994.56,1066.578,1,1000,0.0003721622627463894,1000.0,369.99999999989086,-0.0,3452830.0,994560.0,4447390.0,4447390.0
2023-01-02 13:14:00,997.05,1121.37,988.98,1118.2,1067.49,0,0,0.12431628056628075,1000.0,123640.0000000001,1118200.0,4571030.0,0.0,4571030.0,4571030.0
2023-01-02 13:15:00,989.4,1118.53,984.32,984.32,1041.6660000000002,1,1000,-0.11972813450187803,0.0,-0.0,-984320.0,3586710.0,984320.0,4571030.0,4571030.0
2023-01-02 13:16:00,1108.29,1109.25,982.34,997.17,1017.6880000000001,1,1000,0.013054697659297787,1000.0,12849.999999999909,-0.0,3586710.0,997170.0,4583880.0,4583880.0
2023-01-02 13:17:00,1104.2,1105.81,981.69,983.06,1015.4619999999999,1,1000,-0.014150044626292435,1000.0,-14110.000000000015,-0.0,3586710.0,983060.0,4569770.0,4569770.0
2023-01-02 13:18:00,1097.83,1099.26,982.58,1097.89,1036.1280000000002,0,0,0.11680874005655828,1000.0,114830.00000000016,1097890.0,4684600.0,0.0,4684600.0,4684600.0
2023-01-02 13:19:00,986.48,1098.12,982.48,985.97,1009.682,1,1000,-0.10194099591033712,0.0,-0.0,-985970.0,3698630.0,985970.0,4684600.0,4684600.0
2023-01-02 13:20:00,982.8,1099.17,981.7,988.92,1010.6020000000001,1,1000,0.002991977443532745,1000.0,2949.999999999932,-0.0,3698630.0,988920.0,4687550.0,4687550.0
2023-01-02 13:21:00,1094.25,1096.28,985.83,1091.59,1029.486,0,0,0.10382032924806861,1000.0,102669.99999999996,1091590.0,4790220.0,0.0,4790220.0,4790220.0
2023-01-02 13:22:00,991.09,1093.38,988.32,994.67,1031.808,1,1000,-0.08878791487646454,0.0,-0.0,-994670.0,3795550.0,994670.0,4790220.0,4790220.0
2023-01-02 13:23:00,1089.4,1090.32,984.2,990.33,1010.2959999999999,1,1000,-0.004363256155307749,1000.0,-4339.999999999918,-0.0,3795550.0,990330.0,4785880.0,4785880.0
2023-01-02 13:24:00,1084.06,1084.96,982.14,998.11,1012.7239999999999,1,1000,0.007855967202851533,1000.0,7779.999999999973,-0.0,3795550.0,998110.0,4793660.0,4793660.0
2023-01-02 13:25:00,1081.12,1083.67,991.6,995.41,1014.0219999999999,1,1000,-0.0027051126629329403,1000.0,-2700.0000000000455,-0.0,3795550.0,995410.0,4790960.0,4790960.0
2023-01-02 13:26:00,995.44,1085.1,990.19,1000.75,995.854,0,0,0.005364623622426956,1000.0,5340.000000000032,1000750.0,4796300.0,0.0,4796300.0,4796300.0
2023-01-02 13:27:00,1084.27,1085.9,987.46,989.78,994.876,1,1000,-0.010961778666000566,0.0,-0.0,-989780.0,3806520.0,989780.0,4796300.0,4796300.0
2023-01-02 13:28:00,1000.22,1085.49,987.05,1000.53,996.9159999999999,0,0,0.010860999414011197,1000.0,10750.0,1000530.0,4807050.0,0.0,4807050.0,4807050.0
2023-01-02 13:29:00,988.51,1087.3,988.19,1087.17,1014.7279999999998,0,0,0.08659410512428423,0.0,0.0,-0.0,4807050.0,0.0,4807050.0,4807050.0
2023-01-02 13:30:00,988.66,1087.62,986.95,992.1,1014.066,1,1000,-0.08744722536493832,0.0,-0.0,-992100.0,3814950.0,992100.0,4807050.0,4807050.0
2023-01-02 13:31:00,1086.81,1089.51,981.71,981.72,1010.26,1,1000,-0.010462654974296992,1000.0,-10379.999999999996,-0.0,3814950.0,981720.0,4796670.0,4796670.0
2023-01-02 13:32:00,991.01,1089.22,978.08,1085.29,1029.362,0,0,0.10549851281424427,1000.0,103569.99999999994,1085290.0,4900240.0,0.0,4900240.0,4900240.0
2023-01-02 13:33:00,998.85,1090.61,976.04,1000.54,1029.364,1,1000,-0.07808972716969653,0.0,-0.0,-1000540.0,3899700.0,1000540.0,4900240.0,4900240.0
2023-01-02 13:34:00,1090.81,1091.67,977.88,982.81,1008.492,1,1000,-0.01772043096727771,1000.0,-17730.00000000002,-0.0,3899700.0,982810.0,4882510.0,4882510.0
2023-01-02 13:35:00,1082.68,1085.51,980.44,1003.06,1010.684,1,1000,0.020604185956593746,1000.0,20250.0,-0.0,3899700.0,1003060.0,4902760.0,4902760.0
2023-01-02 13:36:00,982.41,1090.83,977.44,1003.45,1015.03,1,1000,0.0003888102406637284,1000.0,390.00000000010004,-0.0,3899700.0,1003450.0,4903150.0,4903150.0
2023-01-02 13:37:00,978.23,1092.87,976.58,1004.04,998.78,0,0,0.000587971498330786,1000.0,589.9999999999181,1004040.0,4903740.0,0.0,4903740.0,4903740.0
2023-01-02 13:38:00,981.87,1095.2,977.4,1094.1,1017.492,0,0,0.08969762160870087,0.0,0.0,-0.0,4903740.0,0.0,4903740.0,4903740.0
2023-01-02 13:39:00,1004.73,1099.55,976.76,1098.96,1040.722,0,0,0.0044420071291473295,0.0,0.0,-0.0,4903740.0,0.0,4903740.0,4903740.0
2023-01-02 13:40:00,977.95,1099.45,969.44,1007.3,1041.5700000000002,1,1000,-0.08340612943146253,0.0,-0.0,-1007300.0,3896440.0,1007300.0,4903740.0,4903740.0
2023-01-02 13:41:00,1098.78,1099.78,968.85,972.98,1035.476,1,1000,-0.03407127965849299,1000.0,-34319.999999999935,-0.0,3896440.0,972980.0,4869420.0,4869420.0
2023-01-02 13:42:00,1009.23,1091.84,969.14,972.33,1029.134,1,1000,-0.0006680507307447181,1000.0,-649.9999999999773,-0.0,3896440.0,972330.0,4868770.0,4868770.0
2023-01-02 13:43:00,1010.21,1086.46,968.09,1080.97,1026.508,0,0,0.1117316137525326,1000.0,108639.99999999999,1080970.0,4977410.0,0.0,4977410.0,4977410.0
2023-01-02 13:44:00,1012.08,1080.38,968.3,1011.13,1008.942,0,0,-0.06460863853760979,0.0,-0.0,-0.0,4977410.0,0.0,4977410.0,4977410.0
2023-01-02 13:45:00,1073.9,1075.61,964.5,966.35,1000.7520000000001,1,1000,-0.04428708474676846,0.0,-0.0,-966350.0,4011060.0,966350.0,4977410.0,4977410.0
2023-01-02 13:46:00,1008.51,1074.88,961.93,1073.07,1020.7700000000001,0,0,0.11043617736844813,1000.0,106719.99999999991,1073070.0,5084130.0,0.0,5084130.0,5084130.0
2023-01-02 13:47:00,965.2,1080.4,964.23,1007.58,1027.8200000000002,1,1000,-0.06103050127205112,0.0,-0.0,-1007580.0,4076550.0,1007580.0,5084130.0,5084130.0
2023-01-02 13:48:00,967.53,1078.88,963.71,1078.35,1027.2959999999998,0,0,0.07023759899958293,1000.0,70769.99999999987,1078350.0,5154900.0,0.0,5154900.0,5154900.0
2023-01-02 13:49:00,1005.07,1079.49,962.86,1075.63,1040.196,0,0,-0.0025223721426250734,0.0,-0.0,-0.0,5154900.0,0.0,5154900.0,5154900.0
2023-01-02 13:50:00,995.83,1079.28,970.11,1077.59,1062.444,0,0,0.001822187927075225,0.0,0.0,-0.0,5154900.0,0.0,5154900.0,5154900.0
2023-01-02 13:51:00,998.05,1080.0,972.13,973.02,1042.434,1,1000,-0.09704061841702316,0.0,-0.0,-973020.0,4181880.0,973020.0,5154900.0,5154900.0
2023-01-02 13:52:00,1078.37,1078.37,970.76,974.0,1035.718,1,1000,0.0010071735421677275,1000.0,980.0000000000182,-0.0,4181880.0,974000.0,5155880.0,5155880.0
2023-01-02 13:53:00,995.87,1079.17,972.51,1076.04,1035.2559999999999,0,0,0.10476386036960972,1000.0,102039.99999999997,1076040.0,5257920.0,0.0,5257920.0,5257920.0
2023-01-02 13:54:00,973.13,1076.7,972.4,974.4,1015.0099999999999,1,1000,-0.09445745511319281,0.0,-0.0,-974400.0,4283520.0,974400.0,5257920.0,5257920.0
2023-01-02 13:55:00,1075.09,1077.72,973.0,1005.84,1000.6600000000001,0,0,0.032266009852216726,1000.0,31440.000000000055,1005840.0,5289360.0,0.0,5289360.0,5289360.0
2023-01-02 13:56:00,1074.84,1083.26,968.84,1004.32,1006.9199999999998,1,1000,-0.001511174739521226,0.0,-0.0,-1004320.0,4285040.0,1004320.0,5289360.0,5289360.0
2023-01-02 13:57:00,973.76,1085.02,967.4,969.65,1006.05,1,1000,-0.03452086984228142,1000.0,-34670.00000000007,-0.0,4285040.0,969650.0,5254690.0,5254690.0
2023-01-02 13:58:00,1080.9,1084.03,965.17,1082.82,1007.406,0,0,0.11671221574795032,1000.0,113169.99999999996,1082820.0,5367860.0,0.0,5367860.0,5367860.0
2023-01-02 13:59:00,1000.52,1088.74,966.0,995.51,1011.628,1,1000,-0.08063205334219903,0.0,-0.0,-995510.0,4372350.0,995510.0,5367860.0,5367860.0
2023-01-02 14:00:00,995.27,1092.02,969.54,971.3,1004.72,1,1000,-0.024319193177366416,1000.0,-24210.000000000036,-0.0,4372350.0,971300.0,5343650.0,5343650.0
2023-01-02 14:01:00,972.32,1092.22,971.54,1091.1,1022.0759999999998,0,0,0.12333985380417989,1000.0,119799.99999999996,1091100.0,5463450.0,0.0,5463450.0,5463450.0
2023-01-02 14:02:00,978.31,1095.18,975.79,1002.36,1028.618,1,1000,-0.0813307671157546,0.0,-0.0,-1002360.0,4461090.0,1002360.0,5463450.0,5463450.0
2023-01-02 14:03:00,1095.16,1098.62,978.6,978.6,1007.774,1,1000,-0.023704058422123753,1000.0,-23759.999999999993,-0.0,4461090.0,978600.0,5439690.0,5439690.0
2023-01-02 14:04:00,1005.29,1096.34,972.75,973.03,1003.2779999999999,1,1000,-0.0056918046188433324,1000.0,-5570.00000000005,-0.0,4461090.0,973030.0,5434120.0,5434120.0
2023-01-02 14:05:00,1093.49,1096.55,973.33,976.32,1004.2819999999999,1,1000,0.0033811907135443686,1000.0,3290.0000000000773,-0.0,4461090.0,976320.0,5437410.0,5437410.0
2023-01-02 14:06:00,976.18,1094.95,975.6,975.98,981.258,1,1000,-0.0003482464765650617,1000.0,-340.00000000003183,-0.0,4461090.0,975980.0,5437070.0,5437070.0
2023-01-02 14:07:00,999.39,1089.52,970.54,1001.18,981.0219999999999,0,0,0.025820201233631712,1000.0,25199.99999999993,1001180.0,5462270.0,0.0,5462270.0,5462270.0
2023-01-02 14:08:00,974.06,1087.6,966.04,1001.26,985.5540000000001,0,0,7.990571126081925e-05,0.0,0.0,-0.0,5462270.0,0.0,5462270.0,5462270.0
2023-01-02 14:09:00,1083.54,1085.77,961.71,962.23,983.394,1,1000,-0.03898088408605149,0.0,-0.0,-962230.0,4500040.0,962230.0,5462270.0,5462270.0
2023-01-02 14:10:00,1079.47,1085.15,957.19,1084.79,1005.0880000000001,0,0,0.12737079492429038,1000.0,122559.99999999994,1084790.0,5584830.0,0.0,5584830.0,5584830.0
2023-01-02 14:11:00,956.77,1085.25,951.5,1081.69,1026.23,0,0,-0.002857695959586515,0.0,-0.0,-0.0,5584830.0,0.0,5584830.0,5584830.0
2023-01-02 14:12:00,1080.94,1082.59,947.33,948.12,1015.618,1,1000,-0.12348269837014303,0.0,-0.0,-948120.0,4636710.0,948120.0,5584830.0,5584830.0
2023-01-02 14:13:00,1081.83,1081.83,940.61,996.29,1014.624,1,1000,0.05080580517234101,1000.0,48169.999999999956,-0.0,4636710.0,996290.0,5633000.0,5633000.0
2023-01-02 14:14:00,995.18,1074.08,941.54,1072.53,1036.684,0,0,0.0765239036826626,1000.0,76240.00000000001,1072530.0,5709240.0,0.0,5709240.0,5709240.0
2023-01-02 14:15:00,941.6,1078.62,941.6,999.86,1019.6980000000001,1,1000,-0.06775568049378566,0.0,-0.0,-999860.0,4709380.0,999860.0,5709240.0,5709240.0
2023-01-02 14:16:00,944.3,1078.35,943.83,947.26,992.8120000000001,1,1000,-0.052607365031104414,1000.0,-52600.00000000002,-0.0,4709380.0,947260.0,5656640.0,5656640.0
2023-01-02 14:17:00,1002.69,1073.04,940.15,1068.53,1016.894,0,0,0.12802187361442474,1000.0,121269.99999999999,1068530.0,5777910.0,0.0,5777910.0,5777910.0
2023-01-02 14:18:00,1003.07,1071.75,938.3,1005.76,1018.7880000000001,1,1000,-0.058744256127577166,0.0,-0.0,-1005760.0,4772150.0,1005760.0,5777910.0,5777910.0
2023-01-02 14:19:00,1069.26,1072.41,934.69,935.05,991.292,1,1000,-0.0703050429525931,1000.0,-70710.00000000003,-0.0,4772150.0,935050.0,5707200.0,5707200.0
2023-01-02 14:20:00,1069.49,1074.28,929.94,1010.62,993.4440000000001,0,0,0.08081920752900928,1000.0,75570.00000000004,1010620.0,5782770.0,0.0,5782770.0,5782770.0
2023-01-02 14:21:00,933.28,1081.06,932.78,1080.76,1020.144,0,0,0.06940294076903286,0.0,0.0,-0.0,5782770.0,0.0,5782770.0,5782770.0
2023-01-02 14:22:00,935.59,1082.68,929.05,1006.9,1007.818,0,0,-0.06834079721677344,0.0,-0.0,-0.0,5782770.0,0.0,5782770.0,5782770.0
2023-01-02 14:23:00,930.26,1081.24,929.23,930.89,992.8439999999998,1,1000,-0.07548912503724303,0.0,-0.0,-930890.0,4851880.0,930890.0,5782770.0,5782770.0
2023-01-02 14:24:00,1075.18,1075.56,929.22,930.17,991.868,1,1000,-0.0007734533618365402,1000.0,-720.0000000000273,-0.0,4851880.0,930170.0,5782050.0,5782050.0
2023-01-02 14:25:00,1066.83,1068.07,929.24,1060.93,1001.93,0,0,0.14057645376651595,1000.0,130760.0000000001,1060930.0,5912810.0,0.0,5912810.0,5912810.0
2023-01-02 14:26:00,1061.73,1066.4,930.55,1062.14,998.2059999999999,0,0,0.0011405087988840545,0.0,0.0,-0.0,5912810.0,0.0,5912810.0,5912810.0
2023-01-02 14:27:00,1000.96,1063.83,928.75,931.81,983.1879999999999,1,1000,-0.1227051047884461,0.0,-0.0,-931810.0,4981000.0,931810.0,5912810.0,5912810.0
2023-01-02 14:28:00,931.38,1058.93,931.12,933.92,983.7940000000001,1,1000,0.0022644101265278938,1000.0,2110.0000000000136,-0.0,4981000.0,933920.0,5914920.0,5914920.0
2023-01-02 14:29:00,934.41,1056.46,932.48,1002.92,998.3439999999998,0,0,0.07388213123179721,1000.0,69000.0,1002920.0,5983920.0,0.0,5983920.0,5983920.0
2023-01-02 14:30:00,1003.26,1058.76,927.23,1002.85,986.7280000000001,0,0,-6.979619511016111e-05,0.0,-0.0,-0.0,5983920.0,0.0,5983920.0,5983920.0
2023-01-02 14:31:00,1058.47,1058.84,926.71,926.83,959.6659999999999,1,1000,-0.07580395871765466,0.0,-0.0,-926830.0,5057090.0,926830.0,5983920.0,5983920.0
2023-01-02 14:32:00,1001.92,1056.92,924.92,1001.13,973.5300000000001,0,0,0.08016572618495288,1000.0,74299.99999999996,1001130.0,6058220.0,0.0,6058220.0,6058220.0
2023-01-02 14:33:00,1056.93,1058.22,924.97,1055.57,997.86,0,0,0.05437855223597321,0.0,0.0,-0.0,6058220.0,0.0,6058220.0,6058220.0
2023-01-02 14:34:00,926.5,1054.98,925.57,1005.51,998.378,0,0,-0.047424614189489955,0.0,-0.0,-0.0,6058220.0,0.0,6058220.0,6058220.0
2023-01-02 14:35:00,1050.03,1053.36,931.71,1052.66,1008.3400000000001,0,0,0.04689162713448902,0.0,0.0,-0.0,6058220.0,0.0,6058220.0,6058220.0
2023-01-02 14:36:00,935.17,1056.24,930.42,934.19,1009.8120000000001,1,1000,-0.11254346132654425,0.0,-0.0,-934190.0,5124030.0,934190.0,6058220.0,6058220.0
2023-01-02 14:37:00,1047.77,1054.06,933.87,1053.56,1020.298,0,0,0.12777914556995884,1000.0,119369.99999999988,1053560.0,6177590.0,0.0,6177590.0,6177590.0
2023-01-02 14:38:00,995.31,1057.45,935.36,989.68,1007.1200000000001,1,1000,-0.06063252211549408,0.0,-0.0,-989680.0,5187910.0,989680.0,6177590.0,6177590.0
2023-01-02 14:39:00,938.37,1057.57,934.4,992.22,1004.4619999999999,1,1000,0.0025664861369332215,1000.0,2540.0000000000773,-0.0,5187910.0,992220.0,6180130.0,6180130.0
2023-01-02 14:40:00,993.09,1062.98,937.38,1061.87,1006.3040000000001,0,0,0.07019612585918433,1000.0,69649.99999999987,1061870.0,6249780.0,0.0,6249780.0,6249780.0
2023-01-02 14:41:00,940.55,1063.07,935.08,942.05,1007.8759999999999,1,1000,-0.1128386714004539,0.0,-0.0,-942050.0,5307730.0,942050.0,6249780.0,6249780.0
2023-01-02 14:42:00,1057.76,1059.19,940.23,993.81,995.926,1,1000,0.054944005095270976,1000.0,51759.99999999999,-0.0,5307730.0,993810.0,6301540.0,6301540.0
2023-01-02 14:43:00,1053.73,1054.09,934.95,935.45,985.0799999999999,1,1000,-0.058723498455439116,1000.0,-58359.9999999999,-0.0,5307730.0,935450.0,6243180.0,6243180.0
2023-01-02 14:44:00,1002.04,1055.72,931.29,1054.76,997.588,0,0,0.1275428937944305,1000.0,119309.99999999994,1054760.0,6362490.0,0.0,6362490.0,6362490.0
2023-01-02 14:45:00,1000.37,1055.6,933.98,934.12,972.0379999999999,1,1000,-0.11437673025143158,0.0,-0.0,-934120.0,5428370.0,934120.0,6362490.0,6362490.0
2023-01-02 14:46:00,1052.07,1058.26,931.99,934.02,970.432,1,1000,-0.00010705262707144669,1000.0,-100.00000000002274,-0.0,5428370.0,934020.0,6362390.0,6362390.0
2023-01-02 14:47:00,1056.35,1057.79,924.06,924.81,956.632,1,1000,-0.009860602556690523,1000.0,-9210.000000000036,-0.0,5428370.0,924810.0,6353180.0,6353180.0
2023-01-02 14:48:00,1054.22,1056.02,925.14,1007.98,971.1379999999999,0,0,0.08993198602956287,1000.0,83170.00000000007,1007980.0,6436350.0,0.0,6436350.0,6436350.0
2023-01-02 14:49:00,932.5,1057.01,932.5,1011.14,962.414,0,0,0.00313498283696112,0.0,0.0,-0.0,6436350.0,0.0,6436350.0,6436350.0
2023-01-02 14:50:00,1052.76,1061.54,933.63,936.03,962.7959999999999,1,1000,-0.07428249302767176,0.0,-0.0,-936030.0,5500320.0,936030.0,6436350.0,6436350.0
2023-01-02 14:51:00,1008.04,1060.63,932.24,1009.15,977.8219999999999,0,0,0.07811715436471056,1000.0,73120.0,1009150.0,6509470.0,0.0,6509470.0,6509470.0
2023-01-02 14:52:00,941.02,1055.9,940.79,1053.69,1003.598,0,0,0.04413615418916916,0.0,0.0,-0.0,6509470.0,0.0,6509470.0,6509470.0
2023-01-02 14:53:00,947.41,1054.59,947.41,1009.81,1003.9639999999999,0,0,-0.04164412683047203,0.0,-0.0,-0.0,6509470.0,0.0,6509470.0,6509470.0
2023-01-02 14:54:00,954.02,1051.42,948.73,949.88,991.7119999999999,1,1000,-0.05934779810063273,0.0,-0.0,-949880.0,5559590.0,949880.0,6509470.0,6509470.0
2023-01-02 14:55:00,1009.12,1053.57,946.9,1052.48,1015.0020000000001,0,0,0.10801364382869427,1000.0,102600.00000000003,1052480.0,6612070.0,0.0,6612070.0,6612070.0
2023-01-02 14:56:00,1006.18,1061.6,946.36,948.09,1002.79,1,1000,-0.09918478260869568,0.0,-0.0,-948090.0,5663980.0,948090.0,6612070.0,6612070.0
2023-01-02 14:57:00,1061.85,1064.35,944.97,947.91,981.634,1,1000,-0.00018985539347537994,1000.0,-180.00000000006366,-0.0,5663980.0,947910.0,6611890.0,6611890.0
2023-01-02 14:58:00,1062.88,1064.38,943.28,944.3,968.5319999999999,1,1000,-0.0038083784325516623,1000.0,-3610.0000000000136,-0.0,5663980.0,944300.0,6608280.0,6608280.0
2023-01-02 14:59:00,1064.68,1065.45,942.09,1001.65,978.8860000000001,0,0,0.06073281796039387,1000.0,57350.00000000002,1001650.0,6665630.0,0.0,6665630.0,6665630.0
2023-01-02 15:00:00,944.58,1067.14,944.32,1002.25,968.8399999999999,0,0,0.0005990116308092208,0.0,0.0,-0.0,6665630.0,0.0,6665630.0,6665630.0
2023-01-02 15:01:00,1064.25,1069.06,944.76,948.47,968.9159999999999,1,1000,-0.053659266650037396,0.0,-0.0,-948470.0,5717160.0,948470.0,6665630.0,6665630.0
2023-01-02 15:02:00,993.49,1070.71,941.74,1003.62,980.058,0,0,0.058146277689331116,1000.0,55149.99999999998,1003620.0,6720780.0,0.0,6720780.0,6720780.0
2023-01-02 15:03:00,943.33,1069.6,939.48,1066.71,1004.54,0,0,0.06286243797453217,0.0,0.0,-0.0,6720780.0,0.0,6720780.0,6720780.0
2023-01-02 15:04:00,943.92,1069.19,943.29,996.38,1003.4860000000001,1,1000,-0.06593169652482866,0.0,-0.0,-996380.0,5724400.0,996380.0,6720780.0,6720780.0
2023-01-02 15:05:00,951.17,1069.92,949.98,950.92,993.22,1,1000,-0.04562516309038722,1000.0,-45460.00000000004,-0.0,5724400.0,950920.0,6675320.0,6675320.0
2023-01-02 15:06:00,995.93,1066.31,951.12,1065.01,1016.5279999999999,0,0,0.11997854709123801,1000.0,114090.00000000003,1065010.0,6789410.0,0.0,6789410.0,6789410.0
2023-01-02 15:07:00,995.76,1068.24,954.06,962.43,1008.29,1,1000,-0.0963183444286908,0.0,-0.0,-962430.0,5826980.0,962430.0,6789410.0,6789410.0
2023-01-02 15:08:00,1067.54,1073.61,958.9,960.96,987.14,1,1000,-0.0015273838097314973,1000.0,-1469.9999999999136,-0.0,5826980.0,960960.0,6787940.0,6787940.0
2023-01-02 15:09:00,1072.75,1073.56,960.65,962.98,980.46,1,1000,0.002102064602064635,1000.0,2019.9999999999818,-0.0,5826980.0,962980.0,6789960.0,6789960.0
2023-01-02 15:10:00,1072.22,1074.17,959.35,993.91,989.058,0,0,0.032119047124550715,1000.0,30929.99999999995,993910.0,6820890.0,0.0,6820890.0,6820890.0
2023-01-02 15:11:00,961.28,1068.35,953.66,997.1,975.476,0,0,0.003209546135968022,0.0,0.0,-0.0,6820890.0,0.0,6820890.0,6820890.0
2023-01-02 15:12:00,1066.46,1071.23,951.86,954.34,973.858,1,1000,-0.04288436465750678,0.0,-0.0,-954340.0,5866550.0,954340.0,6820890.0,6820890.0
2023-01-02 15:13:00,997.11,1073.35,952.9,1071.01,995.868,0,0,0.12225202757926934,1000.0,116669.99999999996,1071010.0,6937560.0,0.0,6937560.0,6937560.0
2023-01-02 15:14:00,958.88,1074.34,958.88,1073.96,1018.064,0,0,0.0027544093892681865,0.0,0.0,-0.0,6937560.0,0.0,6937560.0,6937560.0
2023-01-02 15:15:00,965.22,1076.12,963.98,1004.11,1020.104,1,1000,-0.06503966628179825,0.0,-0.0,-1004110.0,5933450.0,1004110.0,6937560.0,6937560.0
2023-01-02 15:16:00,969.23,1078.1,968.6,979.78,1016.64,1,1000,-0.02423041300255957,1000.0,-24330.00000000004,-0.0,5933450.0,979780.0,6913230.0,6913230.0
2023-01-02 15:17:00,1007.22,1078.85,978.97,1078.13,1041.398,0,0,0.10037967707036288,1000.0,98350.00000000013,1078130.0,7011580.0,0.0,7011580.0,7011580.0
2023-01-02 15:18:00,1009.36,1081.52,981.64,986.85,1024.566,1,1000,-0.08466511459657011,0.0,-0.0,-986850.0,6024730.0,986850.0,7011580.0,7011580.0
2023-01-02 15:19:00,1078.34,1078.34,982.02,982.02,1006.1780000000001,1,1000,-0.004894360845113299,1000.0,-4830.000000000041,-0.0,6024730.0,982020.0,7006750.0,7006750.0
2023-01-02 15:20:00,1071.99,1074.77,978.36,981.81,1001.7180000000001,1,1000,-0.0002138449318751512,1000.0,-210.00000000003638,-0.0,6024730.0,981810.0,7006540.0,7006540.0
2023-01-02 15:21:00,1071.48,1074.8,979.86,1001.12,1005.9860000000001,1,1000,0.019667756490563404,1000.0,19310.00000000006,-0.0,6024730.0,1001120.0,7025850.0,7025850.0
2023-01-02 15:22:00,979.72,1075.03,979.18,1000.82,990.524,0,0,-0.0002996643758989004,1000.0,-299.9999999999545,1000820.0,7025550.0,0.0,7025550.0,7025550.0
2023-01-02 15:23:00,1073.38,1074.88,978.44,981.38,989.43,1,1000,-0.019424072260746272,0.0,-0.0,-981380.0,6044170.0,981380.0,7025550.0,7025550.0
2023-01-02 15:24:00,981.28,1076.06,977.32,1005.86,994.198,0,0,0.024944465956102668,1000.0,24480.00000000002,1005860.0,7050030.0,0.0,7050030.0,7050030.0
2023-01-02 15:25:00,980.6,1079.9,976.33,1079.75,1013.7860000000001,0,0,0.07345952717077919,0.0,0.0,-0.0,7050030.0,0.0,7050030.0,7050030.0
2023-01-02 15:26:00,976.25,1083.57,969.81,1083.49,1030.26,0,0,0.0034637647603612542,0.0,0.0,-0.0,7050030.0,0.0,7050030.0,7050030.0
2023-01-02 15:27:00,1008.69,1083.42,968.9,971.89,1024.474,1,1000,-0.10300048916002924,0.0,-0.0,-971890.0,6078140.0,971890.0,7050030.0,7050030.0
2023-01-02 15:28:00,1006.26,1081.71,967.17,1073.92,1042.982,0,0,0.10498101637016544,1000.0,102030.00000000009,1073920.0,7152060.0,0.0,7152060.0,7152060.0
2023-01-02 15:29:00,1004.57,1074.45,961.74,962.16,1034.242,1,1000,-0.10406734207389756,0.0,-0.0,-962160.0,6189900.0,962160.0,7152060.0,7152060.0
2023-01-02 15:30:00,961.89,1071.13,961.89,1071.13,1032.518,0,0,0.11325559158559928,1000.0,108970.00000000015,1071130.0,7261030.0,0.0,7261030.0,7261030.0
